{"posterior": {"mean": [[0.07255566343802536]], "ls_interval__": [[[-15.753056626377603, -3.0128898760399347]]], "gp_variances_log__": [[[-2.0548136067767815, -2.0548134208648436]]], "sigma_log__": [[-7.612071264529275]], "ls": [[[0.10000009363705112, 0.29169620585682243]]], "gp_variances": [[[0.12811671343929318, 0.12811673725772185]]], "sigma": [[0.0004944466672792909]]}, "attrs": {"created_at": "2021-12-07T20:10:56.581658", "arviz_version": "0.11.4"}, "input_scales": [[79], [0.19990000000000002, 0.099, 0.89, 2.0, 3.0]], "input_offsets": [[0], [0.0001, 0.001, 0.1, -4.0, -4.0]], "response_offset": 