{"posterior": {"mean": [[0.13577213772589686]], "ls_interval__": [[[-179.07950041296598]]], "gp_variances_log__": [[[-2.7201646777501782]]], "sigma_log__": [[-26.422846123992954]], "ls": [[[0.223606797749979]]], "gp_variances": [[[0.06586390721322233]]], "sigma": [[3.347370097267731e-12]]}, "attrs": {"created_at": "2021-12-07T20:07:39.987326", "arviz_version": "0.11.4"}, "input_scales": [[0.19990000000000002, 0.099, 0.89, 2.0, 3.0]], "input_offsets": [[0.0001, 0.001, 0.1, -4.0, -4.0]], "response_offset": 