{"posterior": {"mean": [[0.060778681805412224]], "ls_interval__": [[[-16.444629837150163, -29.610737521985815, -19.42275496682435]]], "gp_variances_log__": [[[-1.124293295822416, -1.1242928177809857, -1.124293295873627]]], "sigma_log__": [[-4.35655203767368]], "ls": [[[0.1414214225530049, 0.10000000000008978, 0.2236068030858221]]], "gp_variances": [[[0.3248819817031157, 0.3248821370102001, 0.32488198168647825]]], "sigma": [[0.012822523093691692]]}, "attrs": {"created_at": "2021-12-07T20:12:21.790035", "arviz_version": "0.11.4"}, "input_scales": [[55.0, 15.0], [79], [0.19990000000000002, 0.099, 0.89, 2.0, 3.0]], "input_offsets": [[2.5, 2.5], [0], [0.0001, 0.001, 0.1, -4.0, -4.0]], "response_offset": 